<?xml version="1.0" encoding="UTF-8"?>
<!DOCTYPE hibernate-configuration PUBLIC
		"-//Hibernate/Hibernate Configuration DTD 3.0//EN"
		"http://hibernate.sourceforge.net/hibernate-configuration-3.0.dtd">
<hibernate-configuration>
    <session-factory>
        <property name="hibernate.connection.driver_class">com.mysql.jdbc.Driver</property>
        <property name="hibernate.connection.url">jdbc:mysql://localhost:3306/HRSystemDB?createDatabaseIfNotExist=true</property>
        <property name="hibernate.connection.username">root</property>
        <property name="hibernate.connection.password"></property>
        <property name="hibernate.dialect">org.hibernate.dialect.MySQLDialect</property>
        <property name="connection.pool_size">1</property>
        <property name="show_sql">true</property>
        <property name="hbm2ddl.auto">update</property>
        
        <property name="cache.use_second_level_cache">false</property>
        <property name="cache.use_query_cache">false</property>
        <property name="cache.provider_class">org.hibernate.cache.EhCacheProvider</property>
        <property name="hibernate.cache.region.factory_class">org.hibernate.cache.ehcache.EhCacheRegionFactory</property>
        
        
        <mapping class="com.hrs.model.Bank"/>
        <mapping class="com.hrs.model.Job"/>
        <mapping class="com.hrs.model.Employee"/>
        <mapping class="com.hrs.model.Address"/>
        <mapping class="com.hrs.model.Payroll"/>
        <mapping class="com.hrs.model.Department"/>
        <mapping class="com.hrs.model.Grade"/>
        <mapping class="com.hrs.model.Leave"/>
        <mapping class="com.hrs.model.Academic"/>
        <mapping class="com.hrs.model.SaleCommission"/>
        <mapping class="com.hrs.model.Accounting"/>
        <mapping class="com.hrs.model.TimesheetAttendance"/>
        <mapping class="com.hrs.model.Training"/>
        <mapping class="com.hrs.model.SaleCommission"/>
    </session-factory>
</hibernate-configuration>
